user;label
http://www.instagram.com/blindlovenecklace;None
http://www.instagram.com/oleg_matters;0
http://www.instagram.com/dmsksyd;0
http://www.instagram.com/creepyshinnn;0
http://www.instagram.com/teelieturner;0
http://www.instagram.com/d_zheleva;1
http://www.instagram.com/paolo_izzo;0
http://www.instagram.com/nogiorgy_noparty;0
http://www.instagram.com/nalibulittlecloud;0
http://www.instagram.com/dreamershop_bkk;0
http://www.instagram.com/wellstonny_oficial;0
http://www.instagram.com/hastie93;0
http://www.instagram.com/debbiemeijering;0
http://www.instagram.com/_xflixx_;1
http://www.instagram.com/its.pally;1
http://www.instagram.com/houssine_basr;0
http://www.instagram.com/fatihhztrkk;0
http://www.instagram.com/loverenovations;0
http://www.instagram.com/dthompsy;1
http://www.instagram.com/mllegew;1
http://www.instagram.com/alyssavincentphoto;0
http://www.instagram.com/lisaster;1
http://www.instagram.com/michellemade84;0
http://www.instagram.com/workmomtravels;0
http://www.instagram.com/donnachaffins;0
http://www.instagram.com/miss_yuri_lai;0
http://www.instagram.com/evanranft;1
http://www.instagram.com/_pantyplatter;0
http://www.instagram.com/neto_ilhabela;0
http://www.instagram.com/kori_holistic_fitness;0
http://www.instagram.com/lifestyleperfecter;0
http://www.instagram.com/antelopeshoes;0
http://www.instagram.com/____quise;1
http://www.instagram.com/burner_de;0
http://www.instagram.com/khun_year;0
http://www.instagram.com/benjamiinn7;0
http://www.instagram.com/naniizor;0
http://www.instagram.com/posefreestyle;0
http://www.instagram.com/fede_branch;0
http://www.instagram.com/du_beat;0
http://www.instagram.com/fleurius;0
http://www.instagram.com/songofstyle;1
http://www.instagram.com/jobucket134;0
http://www.instagram.com/olle_e;1
http://www.instagram.com/afatjocarrero;0
http://www.instagram.com/bessie_carcamo;0
http://www.instagram.com/iamsatyabrahma;0
http://www.instagram.com/oncapretadenim;2
http://www.instagram.com/ozgekondakci;0
http://www.instagram.com/karnageking_;0
http://www.instagram.com/edubjjuk;0
http://www.instagram.com/ollieandmillies;2
http://www.instagram.com/somtoseeks;1
http://www.instagram.com/glueandglitter;
http://www.instagram.com/kanimationstudios;
http://www.instagram.com/cirialostaunau;
http://www.instagram.com/hesamyazdi1;
http://www.instagram.com/iamchouquette;
http://www.instagram.com/thesimplechicbrunette;
http://www.instagram.com/coffeeandscarves;
http://www.instagram.com/_hellotiara;
http://www.instagram.com/jholliday32;
http://www.instagram.com/femkemegan;
http://www.instagram.com/stitchsmith.com.au;
http://www.instagram.com/chloedumont;
http://www.instagram.com/ohhellojade;
http://www.instagram.com/hawkes_landing;
http://www.instagram.com/jeitaangel;
http://www.instagram.com/pretty_passions_;
http://www.instagram.com/ali_salem_photography;
http://www.instagram.com/e_dublin;
http://www.instagram.com/mumbaifoodie;
http://www.instagram.com/russtlemytimmies;
http://www.instagram.com/danialejo15;
http://www.instagram.com/domdraper666;
http://www.instagram.com/jayfromhouston;
http://www.instagram.com/artofmatloc;
http://www.instagram.com/jimmyjummblz;
http://www.instagram.com/mul.uk;
http://www.instagram.com/wander_woman_1111;
http://www.instagram.com/hihosilveruk;
http://www.instagram.com/rhinstgrm;
http://www.instagram.com/angbearrr;
http://www.instagram.com/riblogger;
http://www.instagram.com/rohiteshmanjrekar;
http://www.instagram.com/gabrielleaguzar;
http://www.instagram.com/energy_store_sneakers;
http://www.instagram.com/hanssieh;
http://www.instagram.com/mamaindulgences;
http://www.instagram.com/theaugustdiaries;
http://www.instagram.com/lb.rice;
http://www.instagram.com/withlovelilyrose;
http://www.instagram.com/mavie.it;
http://www.instagram.com/psychoauntie_cuo;
http://www.instagram.com/alexsiia97;
http://www.instagram.com/motionitalia;
http://www.instagram.com/parentclub;
http://www.instagram.com/falinee_93_;
http://www.instagram.com/plcjsc;
http://www.instagram.com/augustofasano;
http://www.instagram.com/crystallaake;
http://www.instagram.com/sariaslays;
http://www.instagram.com/aniamotogirl;
http://www.instagram.com/jaramos613;
http://www.instagram.com/directorfrenzy;
http://www.instagram.com/justinliv;
http://www.instagram.com/clintstagramm;
http://www.instagram.com/mochamommy_nyc;
http://www.instagram.com/poshjournalblog;
http://www.instagram.com/eva.peng_;
http://www.instagram.com/fit_andfierce;
http://www.instagram.com/mikesbloggity;
http://www.instagram.com/lustforthesublime;
http://www.instagram.com/nursanando;
http://www.instagram.com/oficialraimachado;
http://www.instagram.com/norkidecoration;
http://www.instagram.com/brandiego;
http://www.instagram.com/_honestlythough;
http://www.instagram.com/dennisgarcia;
http://www.instagram.com/langelapiazza;
http://www.instagram.com/style_by_dby;
http://www.instagram.com/beabombshellcosmetics;
http://www.instagram.com/mayhem_martin;
http://www.instagram.com/chasingmcallisters;
http://www.instagram.com/ismaele_urgo;
http://www.instagram.com/notjessfashion;
http://www.instagram.com/hobbschelsey_hairstylist;
http://www.instagram.com/jlovelis;
http://www.instagram.com/cherryblossomsblog;
http://www.instagram.com/florinebuko;
http://www.instagram.com/necountrymusic;
http://www.instagram.com/nensis84;
http://www.instagram.com/mistakendrick;
http://www.instagram.com/_julianserna;
http://www.instagram.com/v_fix_it;
http://www.instagram.com/soyplayense;
http://www.instagram.com/suburbanmen;
http://www.instagram.com/auratrentin;
http://www.instagram.com/kinaya26;
http://www.instagram.com/valentina.romani;
http://www.instagram.com/the_gift_uae;
http://www.instagram.com/cottonstorebisceglie;
http://www.instagram.com/i_am_roksanaa;
http://www.instagram.com/carrotsncake;
http://www.instagram.com/lizaboot24;
http://www.instagram.com/serpilkrkll;
http://www.instagram.com/omercalsrofficial;
http://www.instagram.com/carrinoanthony;
http://www.instagram.com/laura_leth;
http://www.instagram.com/jgaleasvisuals;
http://www.instagram.com/_eye_clash_;
http://www.instagram.com/vigdisardottir;
http://www.instagram.com/petra_petra_b;
http://www.instagram.com/kayfula_50;
http://www.instagram.com/jen_live_laugh_love_;
http://www.instagram.com/justindonnavan;
http://www.instagram.com/stylishasamother;
http://www.instagram.com/tre_uzumaki;
http://www.instagram.com/irinafit_;
http://www.instagram.com/nicola.nora;
http://www.instagram.com/roccomyfurbaby;
http://www.instagram.com/natalisulavadevdariani;
http://www.instagram.com/fionalouisekay;
http://www.instagram.com/abboudhiba;
http://www.instagram.com/leblue.boutique;
http://www.instagram.com/healthy_hastbirch;
http://www.instagram.com/nicolesellscalifornia_;
http://www.instagram.com/devabrot_in;
http://www.instagram.com/edgard.henriquez.wildlife;
http://www.instagram.com/readylightmedia;
http://www.instagram.com/ivanka_dantonio;
http://www.instagram.com/lattesandstyles;
http://www.instagram.com/_fitnessadriana;
http://www.instagram.com/yourstylist_elle;
http://www.instagram.com/giovanniodice;
http://www.instagram.com/sa_anderson;
http://www.instagram.com/danielleytang;
http://www.instagram.com/laurasidestreet;
http://www.instagram.com/rodrigodias001;
http://www.instagram.com/kfashionist;
http://www.instagram.com/apizwoo;
http://www.instagram.com/ini_pras;
http://www.instagram.com/blacknerd;
http://www.instagram.com/studioninety9;
http://www.instagram.com/theabacagroup;
http://www.instagram.com/dreasanson;
http://www.instagram.com/bat_chicken;
http://www.instagram.com/dipronil1997;
http://www.instagram.com/jacob.fischer;
http://www.instagram.com/mommyingbabyt;
http://www.instagram.com/hclytn13;
http://www.instagram.com/yeppi_o.o;
http://www.instagram.com/scuupng;
http://www.instagram.com/patty_matsunaga;
http://www.instagram.com/northpublicrelations;
http://www.instagram.com/exponline1;
http://www.instagram.com/iviehlow;
http://www.instagram.com/wp_production;
http://www.instagram.com/alexandraenglund;
http://www.instagram.com/carolinecooksclean;
http://www.instagram.com/phyllislugtu;
http://www.instagram.com/blogto;
http://www.instagram.com/crowningdetails;
http://www.instagram.com/bucklejensenbeach429;
http://www.instagram.com/nfxcr3w;
http://www.instagram.com/zoelefevere;
http://www.instagram.com/phil_lydon;
http://www.instagram.com/eva.make.up;
http://www.instagram.com/living_the_mama_life_;
http://www.instagram.com/montsee.a;
http://www.instagram.com/sunnynayray;
http://www.instagram.com/ashabiskitchen;
http://www.instagram.com/olya_ostrovskaya_;
http://www.instagram.com/torii_ross;
http://www.instagram.com/lljyjyll;
http://www.instagram.com/dbolina;
http://www.instagram.com/iamtarryndonaldson;
http://www.instagram.com/dreamit_createit_loveit;
http://www.instagram.com/frostedkae;
http://www.instagram.com/headlessinheels;
http://www.instagram.com/nicolemarie_adrian;
http://www.instagram.com/alexia_pitsiladis;
http://www.instagram.com/bokesa02;
http://www.instagram.com/simplicity_mel;
http://www.instagram.com/thebusyboymama;
http://www.instagram.com/f_e_r_c_h_i;
http://www.instagram.com/marcustroyexperience;
http://www.instagram.com/fayeissoawesome;
http://www.instagram.com/iamphantom7;
http://www.instagram.com/marya.iazze;
http://www.instagram.com/western_ok_maker;
http://www.instagram.com/phatcitymtl;
http://www.instagram.com/travelswbaggage;
http://www.instagram.com/brilliantinventions;
http://www.instagram.com/lesa_cap;
http://www.instagram.com/ellabrooksblog;
http://www.instagram.com/mrs.hauch;
http://www.instagram.com/roinwanderlust;
http://www.instagram.com/dil_preet_26.94;
http://www.instagram.com/jddigitalng;
http://www.instagram.com/kellymnutrition;
http://www.instagram.com/madziulek0104;
http://www.instagram.com/evgeniya_kolot;
http://www.instagram.com/sintiasultani;
http://www.instagram.com/bronuke_journey;
http://www.instagram.com/steve_woolley90;
http://www.instagram.com/angelafortich;
http://www.instagram.com/courtneypaige.xo;
http://www.instagram.com/dntkillmyvibeee;
http://www.instagram.com/themommyelf;
http://www.instagram.com/theserotoninsplash;
http://www.instagram.com/its_capo;
http://www.instagram.com/weldwheels;
http://www.instagram.com/martinlorenz;
http://www.instagram.com/yuzuka.tenshi;
http://www.instagram.com/cytrynkowepazurki;
http://www.instagram.com/carole_ma.rie;
http://www.instagram.com/moskinodj;
http://www.instagram.com/mburboa12;
http://www.instagram.com/angelicalacosrj;
http://www.instagram.com/kickyourpumpsoff;
http://www.instagram.com/phofish;
http://www.instagram.com/bbwdollz;
http://www.instagram.com/micaelacooley;
http://www.instagram.com/amiraz13;
http://www.instagram.com/pankajavadheshshukla;
http://www.instagram.com/watchdna;
http://www.instagram.com/daniellecarolan;
http://www.instagram.com/begi_so_mnoj;
http://www.instagram.com/thecleaneatingcouple;
http://www.instagram.com/vanouten_denise;
http://www.instagram.com/denis_vuckic;
http://www.instagram.com/floo_tabilo;
http://www.instagram.com/dzenn____;
http://www.instagram.com/eliaesparzamusic;
http://www.instagram.com/curltureuk;
http://www.instagram.com/alessandra__cara;
http://www.instagram.com/uniquebrowny;
http://www.instagram.com/herkicksgamefya;
http://www.instagram.com/ro_berta96;
http://www.instagram.com/instacanuck;
http://www.instagram.com/azfoodie;
http://www.instagram.com/makeanddostudio;
http://www.instagram.com/tiffanyselenne;
http://www.instagram.com/ugfotografia;
http://www.instagram.com/sixslash9;
http://www.instagram.com/_nitishsaini;
http://www.instagram.com/whoorl;
http://www.instagram.com/jettdearest;
http://www.instagram.com/rowenabaker;
http://www.instagram.com/reesenguyenn;
http://www.instagram.com/fleurance.van.muiswinkel;
http://www.instagram.com/romansandri;
http://www.instagram.com/_beatrice_pacifico_;
http://www.instagram.com/llindaso;
http://www.instagram.com/aishaxshah;
http://www.instagram.com/cincopuntos_;
http://www.instagram.com/shuttaapp;
http://www.instagram.com/lapetitenoob;
http://www.instagram.com/fridays_loungebar;
http://www.instagram.com/iamtanishathomas;
http://www.instagram.com/brookepighin;
http://www.instagram.com/sashagisellee;
http://www.instagram.com/totalsororitymove;
http://www.instagram.com/mimiyanneta;
http://www.instagram.com/nickjohnsonfitness;
http://www.instagram.com/alexaalvarez09;
http://www.instagram.com/brighthonesty;
http://www.instagram.com/collectjewelry;
http://www.instagram.com/lmvlsocal;
http://www.instagram.com/mamadrey88;
http://www.instagram.com/heartsandkrafts;
http://www.instagram.com/patternrevolution;
http://www.instagram.com/ptah_accessories;
http://www.instagram.com/mary.tankersley;
http://www.instagram.com/christina.patricio;
http://www.instagram.com/xxcathx;
http://www.instagram.com/shanti_love10;
http://www.instagram.com/threefootwonder;
http://www.instagram.com/owally;
http://www.instagram.com/p.reya;
http://www.instagram.com/brazilianhairrootz;
http://www.instagram.com/kvng_moe;
http://www.instagram.com/moonraker0022;
http://www.instagram.com/nafsica.nyc;
http://www.instagram.com/brautstyling;
http://www.instagram.com/shugalipsaccessories;
http://www.instagram.com/christine_simplybloom;
http://www.instagram.com/zeezompan;
http://www.instagram.com/nabeast___;
http://www.instagram.com/tizianabuglione;
http://www.instagram.com/micheleshopill;
http://www.instagram.com/rocklovegeki;
http://www.instagram.com/chawizaa;
http://www.instagram.com/marialileholt1;
http://www.instagram.com/dressupinheels;
http://www.instagram.com/lea_marie_1;
http://www.instagram.com/hannahjulria;
http://www.instagram.com/bcas2222;
http://www.instagram.com/bilalmusa773;
http://www.instagram.com/mondigo_ru;
http://www.instagram.com/mailiouz;
http://www.instagram.com/organizedisland;
http://www.instagram.com/pearcemundy;
http://www.instagram.com/actressdenise;
http://www.instagram.com/im_sew_happy;
http://www.instagram.com/mspatriciasaez;
http://www.instagram.com/carvalhodejessica;
http://www.instagram.com/sakuracm_;
http://www.instagram.com/traineralfonso;
http://www.instagram.com/amyseder;
http://www.instagram.com/primo_jordan;
http://www.instagram.com/hannah.mcglynn;
http://www.instagram.com/makency_argueta;
http://www.instagram.com/hilali67;
http://www.instagram.com/mybabysheartbeatbear;
http://www.instagram.com/eduardo.jordi;
http://www.instagram.com/mikaela.andersson;
http://www.instagram.com/juliefoxy;
http://www.instagram.com/farmingdalemacaronikid;
http://www.instagram.com/amazingvideo.s;
http://www.instagram.com/loja_allineferreira;
http://www.instagram.com/don_gritty;
http://www.instagram.com/valentinabiral;
http://www.instagram.com/sparkleinpink;
http://www.instagram.com/shulmands131;
http://www.instagram.com/adrianaencomplicidad;
http://www.instagram.com/missmondo;
http://www.instagram.com/memonjourney;
http://www.instagram.com/jackleeartworkhk;
http://www.instagram.com/ameliahannah;
http://www.instagram.com/madeincally;
http://www.instagram.com/avrac;
http://www.instagram.com/lacutiesnails;
http://www.instagram.com/princelepore;
http://www.instagram.com/omalilive;
http://www.instagram.com/jessy_ema_5;
http://www.instagram.com/lladymum;
http://www.instagram.com/paula_suzette;
http://www.instagram.com/_annacolombi;
http://www.instagram.com/samcharleseuk;
http://www.instagram.com/konafa_coffee;
http://www.instagram.com/thebrownleefamily2007;
http://www.instagram.com/bibigoeschic;
http://www.instagram.com/tuckers_tails;
http://www.instagram.com/carnationsandlace;
http://www.instagram.com/aurys89;
http://www.instagram.com/keen_forarun;
http://www.instagram.com/cassiepaivablog;
http://www.instagram.com/atropisfate;
http://www.instagram.com/dship.zcue;
http://www.instagram.com/ben.tracey.1;
http://www.instagram.com/katjslife;
http://www.instagram.com/siwmikkelsen;
http://www.instagram.com/andreafaccio;
http://www.instagram.com/hospitalitydesign;
http://www.instagram.com/zoylando;
http://www.instagram.com/luciadangelo_;
http://www.instagram.com/clevelandfashionista;
http://www.instagram.com/_tamaravasiljevic;
http://www.instagram.com/harlyn.jem;
http://www.instagram.com/sheyla_she;
http://www.instagram.com/jt_racing5;
http://www.instagram.com/ochomeandfamily;
http://www.instagram.com/juancherangel;
http://www.instagram.com/kaseystjohn;
http://www.instagram.com/ratchetopia;
http://www.instagram.com/pameleeon;
http://www.instagram.com/themodernotter;
http://www.instagram.com/modisteblog;
http://www.instagram.com/chelseataylorbridalhair;
http://www.instagram.com/escalamanila;
http://www.instagram.com/linhchimm;
http://www.instagram.com/coasspato;
http://www.instagram.com/snipershotsphotography;
http://www.instagram.com/i_am_the_crackerjack;
http://www.instagram.com/minky_p;
http://www.instagram.com/fitnessonthemovellc;
http://www.instagram.com/cristinamusacchio;
http://www.instagram.com/lookkarum;
http://www.instagram.com/eleanorbartal;
http://www.instagram.com/federicafontana;
http://www.instagram.com/thisismjg;
http://www.instagram.com/nintendochannel;
http://www.instagram.com/t.onihrlb;
http://www.instagram.com/thetravelnova;
http://www.instagram.com/wemake7;
http://www.instagram.com/makeupby_kimm;
http://www.instagram.com/contempco;
http://www.instagram.com/albertojenna;
http://www.instagram.com/kenyasherron;
http://www.instagram.com/matias_felipe18;
http://www.instagram.com/heyxitsray;
http://www.instagram.com/essovskiy;
http://www.instagram.com/thatairaclemaggirl;
http://www.instagram.com/packmeinursuitcase;
http://www.instagram.com/rina_kor;
http://www.instagram.com/camilojavieeer;
http://www.instagram.com/littlemycph;
http://www.instagram.com/muychina;
http://www.instagram.com/carlsbadcravings;
http://www.instagram.com/fabiolc_;
http://www.instagram.com/shabelle89;
http://www.instagram.com/anneeuniceclothing;
http://www.instagram.com/tofu1118;
http://www.instagram.com/eatyourselfgreen;
http://www.instagram.com/rentacar.dubai;
http://www.instagram.com/ms.chriistiina;
http://www.instagram.com/fahrik_the_boss;
http://www.instagram.com/pommetta;
http://www.instagram.com/dylanbrown_____;
http://www.instagram.com/arbustooo;
http://www.instagram.com/altbergandreas;
http://www.instagram.com/fshirz;
http://www.instagram.com/rodrigonoguerol;
http://www.instagram.com/tiffanyunscripted;
http://www.instagram.com/missbarry;
http://www.instagram.com/hopekidhk;
http://www.instagram.com/kellygolden1;
http://www.instagram.com/emmajoliberi;
http://www.instagram.com/kozmina_nastya;
http://www.instagram.com/_simona_ferraro_;
http://www.instagram.com/gregorydreyfus.art;
http://www.instagram.com/missemme_;
http://www.instagram.com/theinspiredroom;
http://www.instagram.com/elrobertos_e11;
http://www.instagram.com/elsabevzyl1;
http://www.instagram.com/fatimarojas_03;
http://www.instagram.com/the_real_fancynancy;
http://www.instagram.com/lifeaccordingto_jenna;
http://www.instagram.com/sabrina_pure_allure;
http://www.instagram.com/hemmassy__;
http://www.instagram.com/jeffdorsman;
http://www.instagram.com/kirstenwendlandt;
http://www.instagram.com/phatphood;
http://www.instagram.com/larryohh;
http://www.instagram.com/albertodecalves;
http://www.instagram.com/meganadelaide;
http://www.instagram.com/msrosegold23;
http://www.instagram.com/davidynamicuno;
http://www.instagram.com/white.girl.rhonda;
http://www.instagram.com/charles4sab;
http://www.instagram.com/lemar_lifestyle;
http://www.instagram.com/getachoo;
http://www.instagram.com/oro___art;
http://www.instagram.com/labarby;
http://www.instagram.com/iamsandycoffee;
http://www.instagram.com/justcallmewojciech;
http://www.instagram.com/m.ere;
http://www.instagram.com/anni_barretta;
http://www.instagram.com/taylorabshure;
http://www.instagram.com/stylebyfr;
http://www.instagram.com/x_masaru_x;
http://www.instagram.com/crossstitch_love;
http://www.instagram.com/mariaelisabettacondidorio;
http://www.instagram.com/guiruch;
http://www.instagram.com/ellesenparlent;
http://www.instagram.com/hugosalvatti;
http://www.instagram.com/irinahulse;
http://www.instagram.com/little_didyouknow;
